{"copyright":"This proprietary database is the intellectual property of Ghostery, Inc. and is protected by copyright and other applicable laws. All rights to it are expressly reserved by Ghostery, Inc. You may not use this database or any portion thereof for any purpose that is not expressly granted in writing by Ghostery, Inc. All inquires should be sent to legal@ghostery.com.  Ghostery, Inc. retains the sole discretion in determining whether or not to grant permission to use the database. Unauthorized use of this database, or any portion of it, will cause irreparable harm to Ghostery, Inc. and may result in legal proceedings against you, seeking monetary damages and an injunction against you, including the payment of legal fees and costs.","click2play":[{"bug":"Spot.IM","selector":"script[data-spotim-module*=spotim-launcher]","attach":"parentNode","type":"comment","aid":2194},{"button":"ghostery_twitter.png","bug":"Twitter Button","selector":".twitter-share-button, .twitter-follow-button, .twitter-hashtag-button, .twitter-mention-button","aid":605},{"bug":"Hubspot forms","frameBackground":"#fff","selector":"form[action*=forms\\.hubspot\\.com]","aid":2575},{"button":"ghostery_facebook.png","bug":"Facebook Like","alsoAllow":[93,922],"selector":"iframe[src*=facebook\\.com\\/plugins\\/like\\.php], .fb-like, fb\\:like","aid":464},{"button":"ghostery_facebook.png","bug":"Facebook Like via Facebook Connect","alsoAllow":[464,922],"selector":".fb-like, fb\\:like","aid":93},{"button":"ghostery_plus.png","bug":"Google+","selector":"g\\:plusone, .g-plusone, g\\:plus, .g-plus","reinject":"true","aid":615},{"button":"ghostery_pinterest.png","bug":"Pinterest pin","selector":".pin-it-button","reinject":"true","aid":868},{"button":"ghostery_linkedin.png","bug":"Linkedin","selector":"script[type$=IN\\/Share]","attach":"parentNode","reinject":"true","aid":697},{"button":"ghostery_stumble.png","bug":"StumbleUpon","selector":"su\\:badge","reinject":"true","aid":701},{"bug":"Facebook Social Plugins","alsoAllow":[93,922],"selector":"iframe[src*=facebook\\.com\\/plugins\\/video\\.php], iframe[src*=facebook\\.com\\/plugins\\/likebox\\.php], iframe[src*=facebook\\.com\\/plugins\\/post\\.php], iframe[src*=facebook\\.com\\/plugins\\/activity\\.php], .fb-like-box, fb\\:like-box, .fb-activity, fb\\:activity","attach":"parentNode","aid":464},{"bug":"Facebook Comments","alsoAllow":[93,922],"selector":"fb\\:comments, #fb-comments","aid":464},{"bug":"intense debate","frameBackground":"#fff","selector":"#idc-container","text":"click2play.comment_form","type":"comment","aid":92},{"bug":"disqus","frameBackground":"#fff","selector":"#disqus_thread","text":"click2play.comment_form","type":"comment","aid":85},{"bug":"disqus blogger","frameBackground":"#fff","selector":".post-outer .comments","text":"click2play.comment_form","type":"comment","aid":85},{"bug":"viafoura","frameBackground":"#fff","selector":".vf-comments, #hdn-vf-comments","text":"click2play.comment_form","type":"comment","aid":1869},{"bug":"livefyre","frameBackground":"#fff","alsoAllow":[1510],"selector":"#lf_comment_stream, #livefyre_comment_stream","text":"click2play.comment_form","type":"comment","aid":1420},{"bug":"echo","frameBackground":"#fff","selector":"#echo_stream_container","text":"click2play.comment_form","type":"comment","aid":140},{"bug":"bazaarvoice","selector":"#BVRRContainer, #BVReviewsContainer","type":"review","aid":974},{"bug":"liveclicker","selector":"#LiveclickerThumbnailDiv","attach":"parentNode","type":"video","aid":1556},{"bug":"brightcove","alsoAllow":[951],"selector":".BrightcoveExperience, .ui-video","attach":"parentNode","type":"video","aid":423},{"bug":"kaltura video player","selector":".kalturaVideoPlayerDetail, .kalturaVideoWrap","type":"video","aid":1394},{"button":"ghostery_vkontakte.png","bug":"VKontakte","selector":"#vk_like","aid":675},{"bug":"SoundCloud","selector":"iframe[src*=w\\.soundcloud\\.com\\/player\\/]","attach":"parentNode","type":"video","aid":1068},{"bug":"PollDaddy script","frameBackground":"#fff","selector":"script[src*=static\\.polldaddy\\.com\\/p\\/]","attach":"parentNode","type":"survey","aid":607},{"bug":"PollDaddy inline","frameBackground":"#fff","selector":"#PD_superContainer","type":"survey","aid":607},{"bug":"5min Media","frameBackground":"#fff","alsoAllow":[2207],"selector":"script[src*=pshared\\.5min\\.com\\/Scripts\\/]","attach":"parentNode","type":"video","aid":541},{"bug":"Perform Group","frameBackground":"#fff","selector":"script[src*=\\.eplayer\\.performgroup\\.com]","type":"video","aid":1255},{"bug":"Tealium","frameBackground":"#fff","selector":"#cbsNewsVideoPlayer, .wxnode-video-wrapper, .akamai-video","type":"video","aid":505},{"bug":"Videoplaza","frameBackground":"#fff","selector":"object[id*=player-object]","type":"video","aid":1746},{"bug":"Kaltura","frameBackground":"#fff","selector":"iframe[src*=cdnapisec\\.kaltura\\.com]","attach":"parentNode","type":"video","aid":1394},{"bug":"FreeWheel","frameBackground":"#fff","selector":".tpPlayer","type":"video","aid":380},{"bug":"NDN Player Suite","frameBackground":"#fff","selector":".ndn_embed[data-config-type='VideoPlayer/Single']","type":"video","aid":2183},{"bug":"Vidible","frameBackground":"#fff","selector":"script[src*=\\.vidible\\.tv]","type":"video","aid":2207},{"button":"ghostery_plus.png","bug":"Google Translate","frameBackground":"#fff","selector":"#google_translate_element","aid":2184},{"bug":"Facebook Comments via Facebook Connect","frameBackground":"#fff","alsoAllow":[464,922],"selector":"iframe[src*=facebook\\.com\\/plugins\\/comments\\.php],.fb-comments","type":"comment","aid":93},{"bug":"Taboola","frameBackground":"#fff","alsoAllow":[1746],"selector":".ooyala_embed","type":"video","aid":951},{"bug":"Brightcove Player","selector":"iframe[src*=players\\.brightcove\\.net\\/], .trb_embed","type":"video","aid":2451},{"bug":"Wistia","frameBackground":"#fff","selector":"iframe[src*=fast\\.wistia\\.net]","type":"video","aid":2336},{"bug":"TouchCommerce","frameBackground":"#fff","selector":".touchcommercebutton","aid":243},{"bug":"Brightcove Player","selector":"script[src*=players\\.brightcove\\.net\\/], .bc_container","type":"video","aid":2451},{"bug":"Janrain","frameBackground":"#fff","selector":".janrainShell","attach":"parentNode","aid":1510},{"bug":"AOL CDN","selector":".royalSlider","attach":"parentNode","aid":2325}],"click2playVersion":1561047427944}