{"copyright":"This proprietary database is the intellectual property of Ghostery, Inc. and is protected by copyright and other applicable laws. All rights to it are expressly reserved by Ghostery, Inc. You may not use this database or any portion thereof for any purpose that is not expressly granted in writing by Ghostery, Inc. All inquires should be sent to legal@ghostery.com.  Ghostery, Inc. retains the sole discretion in determining whether or not to grant permission to use the database. Unauthorized use of this database, or any portion of it, will cause irreparable harm to Ghostery, Inc. and may result in legal proceedings against you, seeking monetary damages and an injunction against you, including the payment of legal fees and costs.","compatibility":[{"aid":19,"urls":["abnamro.nl","anz.com","autoblog.com","bankofamerica.com","barclays.co.uk","corriere.it","eservice.libertymutual.com","get.adobe.com","homedepot.com","mijnpakket.postnl.nl","online.citi.com","samsung.com","store.apple.com","ticketmaster.be","ticketmaster.ca","ticketmaster.com","ticketmaster.de","ticketmaster.nl","ticketweb.co.uk","ticnet.se","walmart.com","wegmans.com","westernunion.com","wired.com"]},{"aid":41,"urls":["bloomberg.com/video*","cnet.com/videos*","fortune.com","imdb.com/video*","n-tv.de","telegraph.co.uk","theglobeandmail.com"]},{"aid":49,"urls":["aflac.com","hrsaccount.com","metoffice.gov.uk"]},{"aid":71,"urls":["abovetopsecret.com","dccouncil.us","forum.xda-developers.com","gametrailers.com","space.com","web.jhu.edu"]},{"aid":93,"urls":["formspring.me"]},{"aid":163,"urls":["menshealth.com","t-mobile.com"]},{"aid":224,"urls":["priceminister.com"]},{"aid":243,"urls":["my.t-mobile.com"]},{"aid":257,"urls":["cruiseamerica.com"]},{"aid":265,"urls":["espn.go.com","scores.espn.go.com"]},{"aid":283,"urls":["homedepot.com","sephora.com"]},{"aid":313,"urls":["cnnturk.com","tv.blesk.cz"]},{"aid":380,"urls":["espn.go.com","nhl.com","video.cnbc.com"]},{"aid":398,"urls":["newegg.com"]},{"aid":423,"urls":["sho.com","space.com"]},{"aid":449,"urls":["invest.ameritrade.com"]},{"aid":459,"urls":["my.t-mobile.com","target.com"]},{"aid":505,"urls":["cbsnews.com","crosswordclub.co.uk"]},{"aid":561,"urls":["bloomberg.com/video*","hbogo.com","pbs.org"]},{"aid":731,"urls":["pbs.org"]},{"aid":974,"urls":["homedepot.com","lowes.com","riogrande.com","sigmabeauty.com","wegmans.com"]},{"aid":989,"urls":["gametrailers.com","mtv.com/videos*"]},{"aid":1047,"urls":["login.ad.nl","login.demorgen.be","login.hln.be","login.trouw.nl","login.volkskrant.nl"]},{"aid":1154,"urls":["advanced.jhu.edu","blog.robinhood.com","codetriage.com","itwm.nl","localmotors.com","redeyedc.com","theverge.com"]},{"aid":1209,"urls":["play.pocketcasts.com"]},{"aid":1255,"urls":["wtatennis.com"]},{"aid":1394,"urls":["share.insider.thomsonreuters.com"]},{"aid":1420,"urls":["newyorker.com"]},{"aid":1434,"urls":["cheaptickets.com","orbitz.com"]},{"aid":1475,"urls":["businessinsider.com.au","lifehacker.com.au"]},{"aid":1510,"urls":["members.oreilly.com"]},{"aid":1552,"urls":["travelsmith.com"]},{"aid":1599,"urls":["interspar.at"]},{"aid":2175,"urls":["app.tophat.com"]},{"aid":2325,"urls":["engadget.com"]},{"aid":2746,"urls":["login.ad.nl","login.demorgen.be","login.hln.be","login.trouw.nl","login.volkskrant.nl"]}],"compatibilityVersion":1538673895606}